Regione,Anno,totale incidenti,autovettura privata,autov. priv. con rimorchio, autovettura pubblica,autov. soccorso o polizia,autobus o filobus servizio urbano,autobus servizio extra-urbano,tram,autocarro,autotreno con rimorchio,autosnodato autoarticolato,veicoli speciali,trattore stradale o motrice,trattore agricolo,velocipede,ciclomotore,motociclo a solo,motociclo con passeggero,motocarro o motofurgone,veicolo trazione animale o braccia,veicolo ignoto datosi alla fuga,quadriciclo leggero,altri veicoli,totale veicoli coinvolti,
Piemonte,2001,16953,23818,19,77,167,146,80,67,1942,123,254,153,50,59,824,1920,1037,653,50,4,23,0,112,31578
Valle d'Aosta,2001,447,601,1,0,4,4,4,0,71,3,3,5,1,0,14,49,34,30,3,0,0,0,1,828
Lombardia,2001,54071,67805,27,492,362,401,233,259,6089,279,738,241,120,76,3230,12181,5928,1931,72,20,436,0,889,101809
Trentino Alto Adige,2001,4255,5366,8,17,31,37,17,2,449,40,60,19,17,42,296,733,466,203,15,1,4,0,43,7866
Veneto,2001,21790,27798,19,48,73,160,86,6,2521,195,473,101,98,71,1781,5005,1800,915,52,4,37,0,239,41482
Friuli Venezia Giulia,2001,5925,7627,9,20,35,73,14,0,487,25,79,22,9,22,399,1142,564,317,10,1,6,0,48,10909
Liguria,2001,10402,10556,12,71,95,200,46,2,940,39,129,63,19,7,279,2325,3135,911,114,2,45,0,114,19104
Emilia Romagna,2001,27457,35900,33,81,106,168,101,3,3214,280,589,97,57,84,2697,6009,2252,984,64,2,86,0,307,53114
Italia Settentrionale,2001,141300,179471,128,806,873,1189,581,339,15713,984,2325,701,371,361,9520,29364,15216,5944,380,34,637,0,1753,266690
Toscana,2001,22445,27107,25,69,157,302,108,14,2062,93,257,64,75,32,1267,7353,2711,718,215,4,24,0,324,42981
Umbria,2001,4181,5937,8,9,18,36,10,0,435,32,77,24,10,7,105,750,252,123,28,0,8,0,63,7932
Marche,2001,8316,11533,9,9,39,68,9,2,846,51,110,42,18,19,350,1728,596,374,54,1,9,0,95,15962
Lazio,2001,33024,39568,45,347,276,1610,450,188,2155,148,208,69,32,39,420,8120,5270,1504,81,5,137,0,267,60939
Italia Centrale,2001,67966,84145,87,434,490,2016,577,204,5498,324,652,199,135,97,2142,17951,8829,2719,378,10,178,0,749,127814
Abruzzo,2001,5574,7800,6,1,24,53,14,2,540,49,77,25,20,23,190,1112,341,272,17,1,4,0,62,10633
Molise,2001,1033,1359,1,1,4,11,2,0,106,14,19,4,3,9,16,212,19,45,8,0,6,0,11,1850
Campania,2001,10309,13942,8,24,135,170,57,4,811,100,142,29,26,27,110,2032,1053,673,95,3,50,0,119,19610
Puglia,2001,11188,15334,11,19,106,222,47,1,800,61,95,24,21,66,224,2370,883,394,144,3,63,0,149,21037
Basilicata,2001,911,1229,0,3,5,7,5,0,75,10,13,5,8,6,5,148,45,31,6,0,4,0,4,1609
Calabria,2001,4388,6305,2,6,36,49,10,0,358,22,44,38,15,10,41,755,321,196,77,2,12,0,47,8346
Sicilia,2001,15389,19595,5,34,140,155,58,2,1053,56,84,37,39,27,183,4764,2002,680,146,8,110,0,192,29370
Sardegna,2001,5042,6834,3,7,33,32,21,2,403,5,27,16,8,12,67,1213,382,223,37,1,6,0,40,9372
Italia Meridionale e Insulare,2001,53834,72398,36,95,483,699,214,11,4146,317,501,178,140,180,836,12606,5046,2514,530,18,255,0,624,101827
Totale 2001,2001,263100,336014,251,1335,1846,3904,1372,554,25357,1625,3478,1078,646,638,12498,59921,29091,11177,1288,62,1070,0,3126,496331
Piemonte,2002,17994,25592,23,78,177,186,87,58,2274,86,204,141,168,65,851,1823,1151,705,57,4,33,0,335,34098
Valle d'Aosta,2002,453,640,1,1,0,3,1,0,56,0,3,7,1,0,16,45,22,39,5,0,1,0,7,848
Lombardia,2002,54024,68955,31,469,324,373,228,260,6460,193,636,279,253,69,3430,11268,6200,1848,79,8,440,0,1408,103211
Trentino Alto Adige,2002,4009,5009,5,14,24,41,25,0,458,27,44,24,20,20,325,608,466,193,21,4,10,0,47,7385
Veneto,2002,20745,26649,20,43,76,128,99,3,2690,147,414,117,163,69,1836,4331,1598,873,46,2,63,0,201,39568
Friuli Venezia Giulia,2002,5899,7435,5,15,32,67,12,0,552,24,79,30,33,23,408,1013,634,355,15,0,8,0,63,10803
Liguria,2002,10555,11067,2,63,90,205,37,1,945,19,137,65,45,5,230,2083,3039,1007,99,1,41,0,145,19326
Emilia Romagna,2002,27272,35674,29,80,100,190,96,2,3402,237,496,126,185,78,2640,5393,2441,1009,73,5,52,0,354,52662
Italia Settentrionale,2002,140951,181021,116,763,823,1193,585,324,16837,733,2013,789,868,329,9736,26564,15551,6029,395,24,648,0,2560,267901
Toscana,2002,22240,27577,13,63,125,242,96,0,2201,102,215,79,99,28,1050,6439,3020,873,206,2,39,0,255,42724
Umbria,2002,4116,5877,3,9,21,37,17,0,399,38,70,21,28,15,121,757,283,96,30,5,5,0,52,7884
Marche,2002,8612,12152,4,8,35,47,31,0,972,57,72,42,37,15,439,1548,599,350,40,2,6,0,80,16536
Lazio,2002,32569,40272,45,277,298,1524,120,170,2260,106,163,94,85,43,441,7041,5723,1744,80,6,57,0,392,60941
Italia Centrale,2002,67537,85878,65,357,479,1850,264,170,5832,303,520,236,249,101,2051,15785,9625,3063,356,15,107,0,779,128085
Abruzzo,2002,5495,7907,7,3,21,29,17,0,559,46,57,31,30,23,208,974,329,315,46,1,0,0,69,10672
Molise,2002,877,1189,1,0,4,5,5,0,103,9,5,7,4,6,12,134,30,41,8,1,0,0,7,1571
Campania,2002,12232,17179,21,54,128,160,50,7,1063,94,136,59,55,22,141,1821,1083,862,115,0,32,0,226,23308
Puglia,2002,11550,16314,28,18,123,109,39,4,901,84,102,48,32,76,258,2202,910,468,140,3,33,0,162,22054
Basilicata,2002,918,1343,2,1,5,15,5,0,127,10,10,2,9,5,12,132,57,32,6,0,6,0,14,1793
Calabria,2002,4705,6884,6,11,67,42,26,1,449,17,35,20,46,21,33,565,348,226,82,0,6,0,87,8972
Sicilia,2002,15805,20328,17,29,125,142,62,2,1218,43,82,42,65,32,171,4080,2293,898,144,6,109,0,132,30020
Sardegna,2002,5332,7478,4,4,35,37,24,0,422,10,22,34,17,22,76,1024,366,280,38,1,3,0,66,9963
Italia Meridionale e Insulare,2002,56914,78622,86,120,508,539,228,14,4842,313,449,243,258,207,911,10932,5416,3122,579,12,189,0,763,108353
Totale 2002,2002,265402,345521,267,1240,1810,3582,1077,508,27511,1349,2982,1268,1375,637,12698,53281,30592,12214,1330,51,944,0,4102,504339
Piemonte,2003,16111,22323,16,72,144,180,77,52,1867,73,185,125,146,59,917,1762,1123,672,40,4,17,1,487,30342
Valle d'Aosta,2003,413,546,1,0,1,1,5,0,28,2,1,3,1,3,10,63,33,30,4,0,1,0,8,741
Lombardia,2003,51101,61901,183,469,292,353,225,241,6074,181,553,272,270,65,3676,11408,6906,1819,63,3,470,8,1386,96818
Trentino Alto Adige,2003,3572,4328,8,9,14,48,30,1,444,23,65,18,28,29,298,589,514,190,23,1,7,4,54,6725
Veneto,2003,19213,24324,16,43,74,132,101,4,2391,143,355,113,174,61,1640,4387,1675,887,30,2,39,3,357,36951
Friuli Venezia Giulia,2003,5563,6823,0,9,25,56,13,0,528,20,73,21,20,15,361,1042,748,363,9,0,8,3,85,10222
Liguria,2003,10021,9871,9,72,67,198,33,2,971,25,104,53,50,4,230,2093,3265,1067,93,0,48,3,166,18424
Emilia Romagna,2003,26454,33814,37,102,112,199,98,6,3340,199,466,126,202,60,2780,5556,2546,1056,70,6,66,9,388,51238
Italia Settentrionale,2003,132448,163930,270,776,729,1167,582,306,15643,666,1802,731,891,296,9912,26900,16810,6084,332,16,656,31,2931,251461
Toscana,2003,22798,27865,11,72,147,223,103,4,2267,86,211,83,155,28,1099,6966,3083,798,189,1,70,6,462,43929
Umbria,2003,3861,5328,4,12,22,34,22,1,422,21,57,27,21,8,130,735,295,108,30,1,6,2,49,7335
Marche,2003,8405,11348,7,20,44,63,28,2,910,49,78,35,40,8,425,1802,633,456,36,2,18,3,102,16109
Lazio,2003,31366,38718,10,295,271,1163,231,111,2537,72,159,134,101,26,387,6616,6342,1953,64,3,115,4,994,60306
Italia Centrale,2003,66430,83259,32,399,484,1483,384,118,6136,228,505,279,317,70,2041,16119,10353,3315,319,7,209,15,1607,127679
Abruzzo,2003,5286,7477,1,8,14,31,20,0,565,34,66,27,32,20,167,1075,282,324,20,0,1,1,84,10249
Molise,2003,743,954,1,0,4,9,6,0,98,7,7,5,8,2,10,110,24,31,11,0,12,0,3,1302
Campania,2003,11386,15647,18,40,149,122,74,10,1049,81,124,24,57,19,128,1939,1134,869,91,8,51,0,262,21896
Puglia,2003,11029,15663,15,11,102,134,28,0,850,61,64,24,51,66,243,2198,898,440,133,2,30,0,195,21208
Basilicata,2003,888,1192,0,0,1,6,4,0,91,18,9,2,14,9,7,125,54,22,4,0,2,0,9,1569
Calabria,2003,4420,6436,6,7,54,39,21,0,426,14,50,21,28,9,44,690,234,183,56,0,10,0,114,8442
Sicilia,2003,14747,18865,5,32,126,148,53,2,1106,45,84,41,47,22,178,3777,2247,861,120,5,117,0,189,28070
Sardegna,2003,4894,6910,4,11,32,43,22,0,381,8,21,24,15,10,74,948,357,205,29,0,6,2,47,9149
Italia Meridionale e Insulare,2003,53393,73144,50,109,482,532,228,12,4566,268,425,168,252,157,851,10862,5230,2935,464,15,229,3,903,101885
Totale 2003,2003,252271,320333,352,1284,1695,3182,1194,436,26345,1162,2732,1178,1460,523,12804,53881,32393,12334,1115,38,1094,49,5441,481025
Piemonte,2004,15553,21623,12,77,134,192,86,64,1788,45,154,119,129,56,887,1412,1246,693,55,1,28,50,455,29306
Valle d'Aosta,2004,418,549,0,0,4,2,7,0,38,2,1,4,2,0,12,45,48,31,6,0,1,0,3,755
Lombardia,2004,48627,57920,243,421,297,418,178,215,5854,161,560,269,247,73,3892,9954,7679,1962,62,5,430,70,1352,92262
Trentino Alto Adige,2004,3405,4128,6,5,15,24,33,2,402,26,44,24,22,41,282,462,510,179,22,0,8,7,58,6300
Veneto,2004,18895,24334,16,25,49,103,77,3,2205,115,380,105,172,60,1745,3832,1541,809,24,0,57,64,305,36021
Friuli Venezia Giulia,2004,5303,6581,3,10,18,52,5,1,462,22,62,29,34,25,415,866,681,384,12,0,4,22,109,9797
Liguria,2004,9723,9582,10,52,80,152,48,2,903,15,141,62,41,6,257,1880,3211,998,88,1,58,14,145,17746
Emilia Romagna,2004,25894,33054,18,80,129,226,94,16,3314,170,428,158,215,52,2908,5167,2827,1230,64,6,64,78,553,50851
Italia Settentrionale,2004,127818,157771,308,670,726,1169,528,303,14966,556,1770,770,862,313,10398,23618,17743,6286,333,13,650,305,2980,243038
Toscana,2004,21203,25947,12,51,117,250,87,5,2095,76,190,89,129,32,1004,5835,3314,821,188,2,73,36,572,40925
Umbria,2004,3721,5029,3,8,24,23,13,0,391,33,62,15,30,14,137,629,316,107,27,0,6,6,58,6931
Marche,2004,7597,10250,4,12,24,63,28,1,876,36,93,45,33,15,446,1390,586,388,34,1,18,14,117,14474
Lazio,2004,32959,40216,13,316,327,1019,240,116,2775,84,171,161,83,25,415,6462,7478,2075,83,1,111,17,1038,63226
Italia Centrale,2004,65480,81442,32,387,492,1355,368,122,6137,229,516,310,275,86,2002,14316,11694,3391,332,4,208,73,1785,125556
Abruzzo,2004,4977,6990,5,11,18,46,14,0,486,27,67,33,25,26,183,854,327,321,16,0,5,7,57,9518
Molise,2004,568,776,0,0,2,10,2,0,82,5,10,4,1,4,8,78,23,26,6,1,1,0,2,1041
Campania,2004,10220,13239,14,41,124,138,46,9,850,65,126,36,46,16,143,1574,1511,1027,78,2,105,7,147,19344
Puglia,2004,10526,15033,6,12,74,117,35,5,845,46,83,32,42,52,166,1791,1068,447,127,3,29,19,237,20269
Basilicata,2004,835,1108,0,0,7,7,3,0,75,8,9,7,8,2,6,116,60,29,7,0,0,0,11,1463
Calabria,2004,4053,5884,7,3,40,33,21,2,436,25,52,20,28,9,47,495,236,198,64,0,13,4,82,7699
Sicilia,2004,13813,17517,13,17,148,118,58,8,1084,38,93,39,62,41,197,3169,2310,923,127,5,115,18,183,26283
Sardegna,2004,5200,7233,2,8,38,84,13,2,436,7,28,27,18,20,81,1054,375,258,29,2,3,12,73,9803
Italia Meridionale e Insulare,2004,50192,67780,47,92,451,553,192,26,4294,221,468,198,230,170,831,9131,5910,3229,454,13,271,67,792,95420
Totale 2004,2004,243490,306993,387,1149,1669,3077,1088,451,25397,1006,2754,1278,1367,569,13231,47065,35347,12906,1119,30,1129,445,5557,464014
Piemonte,2005,15126,20777,10,68,143,195,78,63,1838,51,169,118,142,49,967,1257,1370,689,50,8,20,36,517,28615
Valle d'Aosta,2005,379,478,0,0,3,3,2,0,54,0,3,1,3,0,9,50,30,30,3,0,0,7,2,678
Lombardia,2005,46654,55991,239,384,316,403,175,235,5571,134,570,289,259,58,3934,8254,7923,1970,66,6,367,90,1277,88511
Trentino Alto Adige,2005,3484,4174,7,7,5,26,28,1,432,19,55,31,22,20,332,402,610,160,12,0,4,13,46,6406
Veneto,2005,18378,23118,13,23,57,137,83,3,2232,113,381,119,192,69,2048,3313,1923,793,24,1,44,50,288,35024
Friuli Venezia Giulia,2005,5015,6281,3,9,13,53,6,0,479,7,62,22,31,17,428,696,685,344,11,0,7,16,90,9260
Liguria,2005,9877,9451,9,54,56,145,61,0,985,13,126,86,63,9,229,1625,3733,997,65,0,68,19,306,18100
Emilia Romagna,2005,24250,30377,26,83,107,185,90,7,3216,178,486,141,222,56,3068,4085,2745,986,62,5,77,73,453,46728
Italia Settentrionale,2005,123163,150647,307,628,700,1147,523,309,14807,515,1852,807,934,278,11015,19682,19019,5969,293,20,587,304,2979,233322
Toscana,2005,21133,25431,9,41,125,224,76,8,2145,77,213,97,130,29,1253,5197,3887,863,148,0,78,42,527,40600
Umbria,2005,3464,4753,6,6,13,19,16,0,414,18,53,9,23,11,149,552,319,84,28,1,8,13,55,6550
Marche,2005,7213,9560,2,8,26,58,26,1,832,38,85,43,51,12,447,1195,650,432,26,0,10,12,111,13625
Lazio,2005,32618,40886,10,354,276,468,232,39,2632,71,170,153,99,34,454,5763,7634,1991,99,2,96,50,1086,62599
Italia Centrale,2005,64428,80630,27,409,440,769,350,48,6023,204,521,302,303,86,2303,12707,12490,3370,301,3,192,117,1779,123374
Abruzzo,2005,4814,6882,1,11,8,47,18,0,503,24,67,29,27,17,166,759,266,300,30,0,8,13,55,9231
Molise,2005,552,746,1,0,1,2,5,0,78,8,4,4,8,12,6,64,25,27,3,0,0,0,12,1006
Campania,2005,11508,15112,21,41,139,112,69,12,1001,93,138,40,57,34,152,1455,1789,1210,83,1,68,17,248,21892
Puglia,2005,11235,16167,12,35,116,151,55,2,901,64,99,34,51,76,204,1629,1052,490,148,4,23,20,235,21568
Basilicata,2005,889,1232,2,0,1,6,3,0,106,8,9,3,10,5,4,92,52,34,17,0,4,3,10,1601
Calabria,2005,3921,5725,0,10,36,53,7,0,423,23,24,18,43,10,37,473,332,205,65,2,4,3,79,7572
Sicilia,2005,14412,18137,9,39,139,129,81,8,1131,39,99,52,34,31,156,2900,2721,979,128,1,88,27,185,27113
Sardegna,2005,5089,7409,4,16,38,46,9,1,417,4,30,19,7,13,84,769,356,210,25,1,9,28,101,9596
Italia Meridionale e Insulare,2005,52420,71410,50,152,478,546,247,23,4560,263,470,199,237,198,809,8141,6593,3455,499,9,204,111,925,99579
Totale 2005,2005,240011,302687,384,1189,1618,2462,1120,380,25390,982,2843,1308,1474,562,14127,40530,38102,12794,1093,32,983,532,5683,456275
Piemonte,2006,14871,20353,13,71,165,163,84,58,1802,55,175,129,134,52,982,1101,1424,711,44,2,27,39,445,28029
Valle d'Aosta,2006,393,538,0,0,2,2,5,0,39,1,5,3,1,0,24,39,29,28,2,0,2,1,8,729
Lombardia,2006,46173,55621,21,398,262,352,168,203,5679,170,518,283,328,59,4148,7084,8566,2067,54,5,334,103,1186,87609
Trentino Alto Adige,2006,3350,4039,3,7,21,23,35,0,427,22,46,19,23,29,304,340,585,169,10,1,9,10,53,6175
Veneto,2006,19261,23773,15,36,71,156,79,2,2383,134,430,107,159,69,2331,3184,2232,938,35,0,58,47,273,36512
Friuli Venezia Giulia,2006,5065,6217,2,11,25,48,9,0,458,10,75,31,34,20,488,588,712,373,7,0,9,10,63,9190
Liguria,2006,10085,9577,6,62,71,177,54,0,984,21,148,72,60,5,279,1470,4059,984,63,2,74,24,194,18386
Emilia Romagna,2006,23950,29933,24,72,106,181,95,4,3151,171,427,142,209,66,3293,3475,2986,1076,63,10,80,67,495,46126
Italia Settentrionale,2006,123148,150051,84,657,723,1102,529,267,14923,584,1824,786,948,300,11849,17281,20593,6346,278,20,593,301,2717,232756
Toscana,2006,20826,25009,16,53,135,243,111,5,2059,55,180,87,100,22,1194,4990,4098,856,135,5,71,35,337,39796
Umbria,2006,3581,4822,1,1,10,26,14,2,436,15,54,22,35,12,164,518,342,132,18,1,8,15,53,6701
Marche,2006,7577,10130,5,12,34,56,21,2,923,32,67,48,56,12,462,1197,666,503,32,0,37,20,88,14403
Lazio,2006,31344,37644,10,370,262,1006,250,82,2769,59,170,150,95,25,430,4342,8558,2237,38,1,98,142,991,59729
Italia Centrale,2006,63328,77605,32,436,441,1331,396,91,6187,161,471,307,286,71,2250,11047,13664,3728,223,7,214,212,1469,120629
Abruzzo,2006,4665,6623,0,10,19,50,13,0,452,24,53,28,28,16,159,727,298,297,14,1,8,7,41,8868
Molise,2006,557,754,1,2,1,4,2,0,69,6,6,3,6,9,7,64,36,35,2,0,0,0,3,1010
Campania,2006,10968,13491,12,70,149,156,66,10,869,62,104,34,72,18,124,1697,1863,1244,83,1,89,19,138,20371
Puglia,2006,11583,16655,9,22,118,186,39,3,806,44,81,52,64,56,253,1633,1151,499,140,3,23,23,247,22107
Basilicata,2006,921,1232,0,0,8,2,12,0,102,6,13,5,17,7,8,92,65,35,7,0,3,4,5,1623
Calabria,2006,3717,5326,3,5,52,43,12,0,359,11,23,27,46,9,46,485,301,216,39,1,15,6,75,7100
Sicilia,2006,14203,17636,9,36,153,147,44,7,999,48,81,37,49,20,187,3135,2855,923,105,4,111,30,165,26781
Sardegna,2006,5034,7131,4,7,29,59,15,0,385,4,25,12,25,9,94,681,534,272,20,2,14,21,81,9424
Italia Meridionale e Insulare,2006,51648,68848,38,152,529,647,203,20,4041,205,386,198,307,144,878,8514,7103,3521,410,12,263,110,755,97284
Totale 2006,2006,238124,296504,154,1245,1693,3080,1128,378,25151,950,2681,1291,1541,515,14977,36842,41360,13595,911,39,1070,623,4941,450669
Piemonte,2007,14643,20143,8,80,125,157,91,59,1758,41,115,134,153,54,1002,1061,1589,689,27,3,28,42,509,27868
Valle d'Aosta,2007,364,474,2,1,0,0,0,0,52,0,4,2,3,0,11,42,45,21,2,1,0,1,3,664
Lombardia,2007,44688,52562,249,414,229,335,203,197,5617,154,574,262,284,66,4336,6600,8933,2024,42,2,371,87,1074,84615
Trentino Alto Adige,2007,3124,3618,4,5,16,14,30,0,425,25,56,27,38,26,379,286,576,136,12,1,3,8,59,5744
Veneto,2007,18378,22180,26,24,67,147,102,3,2325,118,455,99,152,65,2542,2945,2403,929,24,1,43,58,309,35017
Friuli Venezia Giulia,2007,5022,6146,2,8,15,69,9,1,466,18,71,23,30,16,486,540,803,381,7,2,19,8,80,9200
Liguria,2007,9987,9235,6,50,60,203,45,0,931,16,130,89,45,2,299,1321,4337,974,61,1,55,19,167,18046
Emilia Romagna,2007,23074,28225,25,77,88,152,85,5,3108,169,410,125,218,53,3341,3264,3162,1071,26,5,100,61,343,44113
Italia Settentrionale,2007,119280,142583,322,659,600,1077,565,265,14682,541,1815,761,923,282,12396,16059,21848,6225,201,16,619,284,2544,225267
Toscana,2007,20209,23543,32,62,104,193,94,4,2174,44,218,106,130,25,1316,4451,4403,849,120,11,84,45,232,38240
Umbria,2007,3573,4839,3,7,14,19,12,2,421,18,55,21,41,14,160,482,370,116,18,1,8,11,46,6678
Marche,2007,7149,9467,6,7,20,43,22,0,841,30,74,43,52,13,473,1109,678,495,30,0,20,24,93,13540
Lazio,2007,29761,36521,21,368,236,332,233,32,2620,59,164,145,109,29,425,3538,9145,2307,66,3,76,160,1072,57661
Italia Centrale,2007,60692,74370,62,444,374,587,361,38,6056,151,511,315,332,81,2374,9580,14596,3767,234,15,188,240,1443,116119
Abruzzo,2007,4253,5894,3,3,11,37,11,0,459,14,34,17,35,12,157,626,423,273,11,0,12,15,57,8104
Molise,2007,512,723,0,1,1,4,1,0,44,3,10,3,5,3,13,60,28,32,3,0,2,4,4,944
Campania,2007,11278,13871,22,50,102,120,57,10,776,41,135,39,67,19,185,1424,2360,1381,56,0,93,30,151,20989
Puglia,2007,11776,16853,18,24,88,131,38,1,829,35,70,32,61,60,261,1662,1424,544,104,2,35,9,224,22505
Basilicata,2007,900,1204,0,0,4,12,3,0,111,6,6,6,13,9,5,79,79,33,8,0,3,5,12,1598
Calabria,2007,3526,5233,0,7,21,34,8,2,322,14,34,23,31,4,23,340,355,216,43,1,5,4,57,6777
Sicilia,2007,14173,17390,13,32,128,134,63,6,1005,32,74,54,39,16,200,2770,3306,995,103,4,150,40,158,26712
Sardegna,2007,4481,6307,9,8,36,32,12,3,428,7,25,22,7,8,99,605,508,214,15,5,12,5,83,8450
Italia Meridionale e Insulare,2007,50899,67475,65,125,391,504,193,22,3974,152,388,196,258,131,943,7566,8483,3688,343,12,312,112,746,96079
Totale 2007,2007,230871,284428,449,1228,1365,2168,1119,325,24712,844,2714,1272,1513,494,15713,33205,44927,13680,778,43,1119,636,4733,437465
Piemonte,2008,13152,17947,6,60,116,178,89,53,1601,30,112,121,149,49,865,952,1281,676,28,3,40,32,423,24811
Valle d'Aosta,2008,301,413,0,0,3,1,2,1,30,0,3,2,4,0,12,31,24,14,1,0,1,0,1,543
Lombardia,2008,41827,49185,255,396,210,326,182,197,5206,110,485,246,262,70,4088,5689,8026,2121,37,2,351,80,771,78295
Trentino Alto Adige,2008,3053,3580,6,18,19,31,27,0,392,12,31,29,42,34,357,304,523,148,7,0,8,10,62,5640
Veneto,2008,16744,20173,15,27,63,123,89,6,2067,92,374,94,122,47,2380,2543,2065,888,22,1,51,46,239,31527
Friuli Venezia Giulia,2008,4771,5929,1,4,21,60,10,0,475,21,71,21,37,8,472,501,620,366,7,1,19,16,49,8709
Liguria,2008,9428,8467,4,48,51,321,48,0,967,13,131,67,47,0,329,1200,3738,1047,41,0,67,25,134,16745
Emilia Romagna,2008,21744,26454,22,56,84,191,61,2,2745,122,331,141,205,45,3360,2910,3065,1027,39,12,141,64,302,41379
Italia Settentrionale,2008,111020,132148,309,609,567,1231,508,259,13483,400,1538,721,868,253,11863,14130,19342,6287,182,19,678,273,1981,207649
Toscana,2008,18803,22007,19,72,104,148,66,0,1926,49,158,97,146,30,1329,3608,3987,949,142,7,71,72,219,35206
Umbria,2008,3312,4435,2,3,17,31,13,1,382,12,41,18,34,7,139,437,308,98,16,0,9,14,52,6069
Marche,2008,6919,9001,6,8,13,37,15,1,810,20,50,34,57,12,503,1025,699,520,17,0,24,23,98,12973
Lazio,2008,27735,34004,11,341,185,271,245,36,2662,58,156,159,110,27,485,2724,7995,2423,35,1,67,151,628,52774
Italia Centrale,2008,56769,69447,38,424,319,487,339,38,5780,139,405,308,347,76,2456,7794,12989,3990,210,8,171,260,997,107022
Abruzzo,2008,3981,5497,7,4,13,27,17,0,450,12,45,29,34,12,170,490,409,287,13,0,9,15,46,7586
Molise,2008,577,784,0,1,4,6,7,0,69,4,6,1,5,2,12,76,42,28,2,0,2,4,6,1061
Campania,2008,11529,14295,32,59,102,115,54,3,780,44,95,31,78,23,191,1084,2497,1479,84,4,112,35,80,21277
Puglia,2008,12024,17162,14,24,72,88,51,1,917,34,65,42,69,50,376,1557,1519,587,85,4,24,20,204,22965
Basilicata,2008,954,1294,1,2,7,8,4,0,113,6,10,4,9,10,17,89,83,38,7,1,3,5,10,1721
Calabria,2008,3354,4802,1,4,24,33,12,0,339,11,36,21,17,4,76,339,370,212,28,0,1,7,53,6390
Sicilia,2008,14347,17667,8,27,106,119,50,2,1171,26,80,50,42,17,362,2579,3286,1123,73,4,108,56,222,27178
Sardegna,2008,4408,6240,5,12,19,39,17,1,408,10,15,27,17,9,113,527,503,249,18,1,5,7,69,8311
Italia Meridionale e Insulare,2008,51174,67741,68,133,347,435,212,7,4247,147,352,205,271,127,1317,6741,8709,4003,310,14,264,149,690,96489
Totale 2008,2008,218963,269336,415,1166,1233,2153,1059,304,23510,686,2295,1234,1486,456,15636,28665,41040,14280,702,41,1113,682,3668,411160
Piemonte,2009,13742,18492,9,63,109,176,54,34,1521,42,95,104,91,41,968,934,1960,252,24,1,25,54,292,25341
Valle d'Aosta,2009,359,459,0,1,2,2,1,0,46,1,1,3,3,0,20,38,52,7,4,0,1,1,0,642
Lombardia,2009,40100,46802,236,375,215,338,139,174,4583,109,344,267,220,70,4253,5166,9225,751,37,3,305,88,972,74672
Trentino Alto Adige,2009,2715,3209,2,9,15,20,29,0,356,12,36,23,35,21,396,245,537,51,11,3,9,9,69,5097
Veneto,2009,15643,18953,13,32,49,106,73,5,1839,76,253,107,81,52,2391,2171,2612,286,20,2,45,52,180,29398
Friuli Venezia Giulia,2009,4494,5515,3,6,14,38,5,0,435,12,60,25,20,16,477,407,950,110,4,2,17,17,74,8207
Liguria,2009,9654,8687,4,41,35,279,49,1,894,13,86,69,58,2,314,1169,4535,573,49,2,54,23,111,17048
Emilia Romagna,2009,20411,24734,16,78,63,160,54,6,2562,82,285,117,142,58,3259,2527,3487,341,22,5,119,79,301,38497
Italia Settentrionale,2009,107118,126851,283,605,502,1119,404,220,12236,347,1160,715,650,260,12078,12657,23358,2371,171,18,575,323,1999,198902
Toscana,2009,18362,21885,28,69,87,139,79,1,1730,66,144,95,115,25,1330,3265,4436,368,151,35,63,57,212,34380
Umbria,2009,3074,4153,1,5,16,27,10,0,329,13,28,20,32,7,141,396,376,35,16,0,11,9,55,5680
Marche,2009,6617,8646,2,12,24,59,18,2,738,19,63,46,33,11,472,954,1032,110,22,1,25,12,72,12373
Lazio,2009,28186,34874,9,337,227,235,225,23,2432,50,159,139,98,19,509,2569,9408,1134,49,2,54,164,524,53240
Italia Centrale,2009,56239,69558,40,423,354,460,332,26,5229,148,394,300,278,62,2452,7184,15252,1647,238,38,153,242,863,105673
Abruzzo,2009,3853,5348,2,4,15,24,12,2,450,10,33,22,22,15,169,411,582,69,8,1,12,12,29,7252
Molise,2009,530,714,1,1,1,5,4,0,48,2,6,3,7,3,11,57,56,9,2,0,0,1,2,933
Campania,2009,11745,14491,19,47,83,104,53,5,785,34,107,30,55,22,227,1076,3189,928,68,1,142,49,72,21587
Puglia,2009,12812,17956,18,21,83,76,43,3,1083,40,65,36,58,58,480,1930,1683,349,107,1,31,21,235,24377
Basilicata,2009,942,1295,1,0,6,6,5,0,113,6,13,4,16,6,14,83,122,10,4,1,2,2,17,1726
Calabria,2009,3457,5076,0,16,26,36,7,5,342,13,28,8,17,8,44,291,480,81,19,0,2,10,61,6570
Sicilia,2009,14044,17707,7,29,114,98,41,5,1074,31,70,43,49,25,301,2388,3443,710,76,4,105,54,154,26528
Sardegna,2009,4665,6565,2,9,29,37,16,2,380,9,17,18,15,7,98,575,599,90,14,1,36,19,90,8628
Italia Meridionale e Insulare,2009,52048,69152,50,127,357,386,181,22,4275,145,339,164,239,144,1344,6811,10154,2246,298,9,330,168,660,97601
Totale 2009,2009,215405,265561,373,1155,1213,1965,917,268,21740,640,1893,1179,1167,466,15874,26652,48764,6264,707,65,1058,733,3522,402176
Piemonte,2010,13580,18397,9,58,99,219,60,32,1613,31,102,75,95,43,1003,677,1710,208,25,3,122,42,441,25064
Valle d'Aosta,2010,370,470,0,1,1,3,1,0,37,1,1,0,1,1,20,31,54,5,6,0,0,3,1,637
Lombardia,2010,39322,46878,19,370,214,327,145,137,4582,85,351,210,233,72,4138,4355,8710,633,36,3,301,90,817,72706
Trentino Alto Adige,2010,2620,3202,6,7,9,18,34,0,312,4,13,35,14,15,346,182,561,69,6,3,7,4,49,4896
Veneto,2010,15651,19378,6,38,70,121,65,16,1828,68,310,95,108,38,2235,1977,2456,260,14,5,47,55,244,29434
Friuli Venezia Giulia,2010,3933,4864,1,2,13,38,8,0,380,12,63,28,20,7,438,323,816,63,4,2,4,12,67,7165
Liguria,2010,9702,8566,4,38,47,334,55,0,960,13,107,77,72,6,308,1048,4548,543,52,0,50,30,179,17037
Emilia Romagna,2010,20153,24866,12,62,77,170,92,4,2574,94,303,127,154,45,3296,2148,3135,297,32,1,129,59,394,38071
Italia Settentrionale,2010,105331,126621,57,576,530,1230,460,189,12286,308,1250,647,697,227,11784,10741,21990,2078,175,17,660,295,2192,195010
Toscana,2010,18865,22756,20,65,84,183,101,6,1924,37,174,105,102,28,1352,3107,4314,386,156,51,43,69,362,35425
Umbria,2010,2913,3906,0,3,7,23,10,1,304,14,30,16,26,9,130,334,367,30,19,0,8,7,51,5295
Marche,2010,6728,8815,7,8,28,49,17,2,738,18,57,31,31,16,520,835,1015,115,34,0,13,19,88,12456
Lazio,2010,27810,35093,12,349,250,268,225,28,2407,46,122,166,112,33,546,1967,9296,1019,49,2,75,172,806,53043
Italia Centrale,2010,56316,70570,39,425,369,523,353,37,5373,115,383,318,271,86,2548,6243,14992,1550,258,53,139,267,1307,106219
Abruzzo,2010,4099,5790,4,5,21,28,12,1,476,15,31,27,27,6,194,428,577,74,7,1,6,16,71,7817
Molise,2010,657,929,0,1,2,3,2,0,73,2,7,6,5,3,16,41,67,13,4,0,1,1,11,1187
Campania,2010,11129,14017,5,34,89,114,44,2,734,28,82,37,51,26,215,850,3002,773,65,1,124,47,97,20437
Puglia,2010,12479,18411,17,20,55,83,33,1,1035,41,51,27,79,58,428,1268,1762,257,120,3,5,33,306,24093
Basilicata,2010,1147,1541,0,2,7,12,6,0,122,0,5,7,13,3,11,63,123,10,12,0,6,3,9,1955
Calabria,2010,3378,4902,4,5,16,32,9,0,333,6,31,16,28,13,59,303,444,72,25,0,5,12,48,6363
Sicilia,2010,14255,18012,7,27,97,104,43,5,1087,33,85,50,53,20,311,2251,3411,757,90,9,125,56,176,26809
Sardegna,2010,4206,5939,8,9,25,36,7,4,298,3,13,20,11,10,93,423,589,82,21,3,15,20,98,7727
Italia Meridionale e Insulare,2010,51350,69541,45,103,312,412,156,13,4158,128,305,190,267,139,1327,5627,9975,2038,344,17,287,188,816,96388
Totale 2010,2010,212997,266732,141,1104,1211,2165,969,239,21817,551,1938,1155,1235,452,15659,22611,46957,5666,777,87,1086,750,4315,397617
Piemonte,2011,13254,17886,1,59,71,163,71,41,1482,45,98,89,115,48,1069,687,1811,233,30,2,109,35,490,24635
Valle d'Aosta,2011,299,381,1,0,1,0,1,0,33,2,1,2,5,1,23,25,55,6,0,0,1,2,6,546
Lombardia,2011,37130,43439,19,382,198,199,170,100,4230,92,352,244,215,65,4542,4052,8686,802,28,4,332,77,1180,69408
Trentino Alto Adige,2011,2991,3428,7,4,15,22,26,0,358,6,24,24,35,23,499,223,688,73,5,1,23,6,107,5597
Veneto,2011,15564,18721,15,31,49,67,102,8,1795,82,330,98,110,49,2619,1828,2696,311,8,4,53,38,511,29525
Friuli Venezia Giulia,2011,3604,4405,2,4,15,23,17,0,327,10,39,18,24,13,445,271,787,66,3,0,3,4,86,6562
Liguria,2011,9292,7957,3,49,32,314,77,2,915,10,69,89,95,3,376,1031,4420,558,41,3,58,29,345,16476
Emilia Romagna,2011,20415,24554,27,71,87,127,104,1,2526,89,294,120,195,56,3674,2134,3476,355,32,3,144,61,640,38770
Italia Settentrionale,2011,102549,120771,75,600,468,915,568,152,11666,336,1207,684,794,258,13247,10251,22619,2404,147,17,723,252,3365,191519
Toscana,2011,18672,21700,56,67,88,117,103,5,1838,32,152,106,132,34,1501,3123,4842,422,144,269,61,72,613,35477
Umbria,2011,2856,3739,2,2,12,13,17,0,307,8,32,18,27,10,143,325,401,33,11,0,13,16,58,5187
Marche,2011,6535,8288,9,4,23,16,37,1,779,20,64,45,30,16,575,790,1116,127,12,1,28,16,207,12204
Lazio,2011,26892,33601,10,392,232,265,245,40,2315,44,139,145,108,25,554,1732,9452,1128,34,0,70,178,1200,51909
Italia Centrale,2011,54955,67328,77,465,355,411,402,46,5239,104,387,314,297,85,2773,5970,15811,1710,201,270,172,282,2078,104777
Abruzzo,2011,4058,5616,2,4,16,19,22,0,425,13,31,21,22,7,197,370,692,72,13,0,7,20,106,7675
Molise,2011,639,866,1,0,3,3,4,0,59,5,4,5,1,5,14,63,69,11,2,0,0,4,4,1123
Campania,2011,10225,12758,7,42,74,83,66,3,677,31,85,36,37,22,248,848,2777,739,52,2,116,39,241,18983
Puglia,2011,12101,17717,33,18,93,70,42,3,918,36,53,37,59,62,460,1148,1564,359,95,2,12,24,409,23214
Basilicata,2011,1054,1388,0,2,7,8,7,0,109,9,6,2,8,8,23,77,112,14,16,0,7,1,11,1815
Calabria,2011,2989,4352,5,2,22,11,24,0,287,11,35,21,30,9,54,212,411,83,20,0,1,14,118,5722
Sicilia,2011,13283,16548,18,34,84,71,65,10,915,17,62,40,49,18,333,1799,3564,633,53,2,95,63,300,24773
Sardegna,2011,3785,5592,7,5,16,12,20,1,257,6,16,17,18,7,91,274,470,67,9,0,5,19,144,7053
Italia Meridionale e Insulare,2011,48134,64837,73,107,315,277,250,17,3647,128,292,179,224,138,1420,4791,9659,1978,260,6,243,184,1333,90358
Totale 2011,2011,205638,252936,225,1172,1138,1603,1220,215,20552,568,1886,1177,1315,481,17440,21012,48089,6092,608,293,1138,718,6776,386654
Piemonte,2012,12175,16326,3,37,90,161,75,48,1324,27,103,74,91,47,1175,558,1633,182,21,2,86,27,461,22551
Valle d'Aosta,2012,295,383,0,0,1,0,2,0,35,1,2,2,2,0,15,19,51,5,3,0,3,2,11,537
Lombardia,2012,35612,41477,23,354,227,229,171,90,3979,54,314,196,221,61,4865,3530,7951,698,29,4,401,104,1119,66097
Trentino Alto Adige,2012,3264,3539,8,11,19,26,32,2,403,11,33,31,40,38,544,217,755,85,12,0,8,13,79,5906
Veneto,2012,14365,17204,14,32,44,61,94,9,1684,57,264,106,88,61,2569,1516,2391,282,13,1,71,51,321,26933
Friuli Venezia Giulia,2012,3540,4193,2,8,14,25,14,0,318,10,49,21,29,14,441,218,746,69,2,0,16,6,58,6253
Liguria,2012,8769,7750,4,39,45,284,64,0,773,3,68,49,70,5,339,921,4076,538,35,0,58,29,200,15350
Emilia Romagna,2012,18321,21826,12,77,64,94,96,0,2187,67,264,130,156,47,3588,1777,2895,297,18,2,201,62,466,34326
Italia Settentrionale,2012,96341,112698,66,558,504,880,548,149,10703,230,1097,609,697,273,13536,8756,20498,2156,133,9,844,294,2715,177953
Toscana,2012,17077,20216,35,66,88,129,100,6,1617,26,150,91,109,15,1749,2480,4161,396,71,2,56,55,579,32197
Umbria,2012,2363,3108,4,2,11,17,12,0,247,10,20,11,22,5,149,252,304,32,8,0,8,8,74,4304
Marche,2012,5482,6820,3,7,28,16,38,0,600,9,37,34,26,10,512,658,934,113,7,0,27,13,142,10034
Lazio,2012,23745,29311,13,368,270,252,249,36,2067,27,121,164,62,17,562,1321,8003,899,43,3,83,163,1034,45068
Italia Centrale,2012,48667,59455,55,443,397,414,399,42,4531,72,328,300,219,47,2972,4711,13402,1440,129,5,174,239,1829,91603
Abruzzo,2012,3671,4910,3,6,18,15,19,1,399,14,20,10,24,16,238,318,644,78,3,0,10,7,98,6851
Molise,2012,581,801,0,0,2,3,3,0,56,3,7,8,5,5,10,41,61,5,3,0,1,8,14,1036
Campania,2012,9698,12101,13,49,78,66,43,6,618,22,81,37,50,15,241,756,2458,697,65,2,139,34,201,17772
Puglia,2012,10287,14872,11,23,65,71,51,0,763,22,49,36,63,47,478,1148,1113,257,78,1,27,16,325,19516
Basilicata,2012,949,1286,0,2,7,5,11,0,85,3,13,2,11,10,20,43,99,19,4,1,3,9,17,1650
Calabria,2012,2772,3944,0,6,24,13,22,0,268,6,26,28,17,6,83,158,349,77,21,0,5,9,100,5162
Sicilia,2012,11790,14667,18,27,83,58,61,5,853,21,49,53,26,18,355,1489,3042,604,54,2,63,58,199,21805
Sardegna,2012,3472,4883,4,7,26,19,16,3,242,3,10,16,17,12,100,212,489,67,20,0,11,21,94,6272
Italia Meridionale e Insulare,2012,43220,57464,49,120,303,250,226,15,3284,94,255,190,213,129,1525,4165,8255,1804,248,6,259,162,1048,80064
Totale 2012,2012,188228,229617,170,1121,1204,1544,1173,206,18518,396,1680,1099,1129,449,18033,17632,42155,5400,510,20,1277,695,5592,349620
Piemonte,2013,11259,15094,7,56,88,107,97,43,1244,19,72,78,90,35,1061,423,1483,172,8,2,20,30,451,20680
Valle d'Aosta,2013,315,399,0,0,0,2,3,0,35,0,6,2,1,1,23,28,38,10,2,0,2,1,5,558
Lombardia,2013,33997,40575,19,308,193,177,146,83,3705,62,324,214,193,55,4740,2870,6834,657,20,4,483,104,1040,62806
Trentino Alto Adige,2013,3169,3479,4,11,9,31,39,0,404,8,33,37,28,35,522,191,683,90,11,0,17,10,115,5757
Veneto,2013,13794,16791,12,36,45,57,84,4,1487,44,204,83,82,48,2546,1305,2142,238,10,1,99,48,381,25747
Friuli Venezia Giulia,2013,3304,4041,2,7,10,24,15,0,318,6,42,21,23,10,413,195,637,69,4,0,22,18,78,5955
Liguria,2013,8773,7748,2,35,31,328,57,1,769,4,74,68,61,6,387,833,3978,492,35,0,103,22,223,15257
Emilia Romagna,2013,18136,22131,10,62,77,126,93,2,2175,57,266,120,151,58,3434,1536,2607,266,15,0,213,58,458,33915
Italia Settentrionale,2013,92747,110258,56,515,453,852,534,133,10137,200,1021,623,629,248,13126,7381,18402,1994,105,7,959,291,2751,170675
Toscana,2013,16231,19387,22,71,82,108,119,8,1435,34,103,76,92,15,1731,2295,3778,392,76,1,60,68,569,30522
Umbria,2013,2402,3149,0,4,10,17,19,0,219,8,30,18,17,12,159,215,292,26,13,0,14,8,62,4292
Marche,2013,5549,7095,1,8,18,17,34,0,586,13,45,27,28,10,525,539,806,104,10,1,53,17,137,10074
Lazio,2013,22168,27909,4,313,186,207,202,25,1934,25,119,156,67,25,528,1031,7048,818,30,0,171,148,964,41910
Italia Centrale,2013,46350,57540,27,396,296,349,374,33,4174,80,297,277,204,62,2943,4080,11924,1340,129,2,298,241,1732,86798
Abruzzo,2013,3603,4976,5,3,15,15,18,0,341,5,37,28,23,16,253,283,499,49,5,0,10,9,98,6688
Molise,2013,507,686,0,0,1,2,4,0,55,5,10,5,1,3,11,36,37,6,0,0,1,2,5,870
Campania,2013,9103,11443,11,35,60,54,56,4,662,18,62,38,49,15,284,679,2125,608,40,3,150,33,238,16667
Puglia,2013,10202,14569,22,14,70,72,58,0,769,17,50,23,49,38,525,726,1228,365,92,0,18,25,268,18998
Basilicata,2013,888,1123,0,0,7,3,9,1,99,6,15,6,6,8,22,38,91,8,9,0,4,3,18,1476
Calabria,2013,2773,3999,0,4,19,16,25,0,240,6,33,8,17,16,78,137,328,60,31,0,6,11,107,5141
Sicilia,2013,11823,14780,11,31,88,70,50,8,818,8,64,30,42,12,413,1442,2863,569,68,6,84,56,210,21723
Sardegna,2013,3664,5182,2,11,14,16,28,0,255,3,11,21,7,11,125,204,497,66,16,0,6,5,123,6603
Italia Meridionale e Insulare,2013,42563,56758,51,98,274,248,248,13,3239,68,282,159,194,119,1711,3545,7668,1731,261,9,279,144,1067,78166
Totale 2013,2013,181660,224556,134,1009,1023,1449,1156,179,17550,348,1600,1059,1027,429,17780,15006,37994,5065,495,18,1536,676,5550,335639
Piemonte,2014,11445,15395,2,50,98,107,90,35,1244,22,93,94,96,41,1133,393,1386,184,13,2,5,30,486,20999,
Valle d'Aosta,2014,295,359,1,0,2,0,2,0,32,1,4,5,2,0,14,16,57,4,4,0,0,3,3,509,
Lombardia,2014,33176,39420,22,324,175,155,144,73,3509,62,286,219,235,60,4677,2423,6699,713,23,6,462,62,972,60721,
Trentino Alto Adige,2014,3002,3332,5,6,16,29,26,0,340,3,28,20,57,25,515,155,673,68,5,0,10,12,112,5437,
Veneto,2014,13958,17022,10,39,44,62,111,5,1442,45,247,99,109,69,2575,1240,2207,254,12,0,100,50,400,26142,
Friuli Venezia Giulia,2014,3316,4041,2,4,11,29,15,0,269,7,34,23,15,13,460,200,638,72,2,0,18,8,86,5947,
Liguria,2014,8387,7336,8,43,32,323,69,0,761,6,77,86,67,4,369,683,3834,459,32,0,108,26,250,14573,
Emilia Romagna,2014,17455,21486,15,67,72,117,100,1,2090,58,271,132,137,57,3379,1258,2577,263,11,3,202,45,500,32841,
Italia Settentrionale,2014,91034,108391,65,533,450,822,557,114,9687,204,1040,678,718,269,13122,6368,18071,2017,102,11,905,236,2809,167169,
Toscana,2014,16654,19679,24,76,76,126,114,5,1497,27,142,105,109,27,1888,2194,3975,384,74,25,81,74,545,31247,
Umbria,2014,2258,3087,0,5,7,11,10,0,227,7,29,12,23,5,149,171,261,35,13,2,13,5,69,4141,
Marche,2014,5422,7174,3,5,22,16,30,1,575,14,39,41,42,13,525,466,802,83,8,1,31,18,158,10067,
Lazio,2014,20589,26016,4,316,214,137,209,26,1777,18,114,146,121,23,591,853,6315,742,14,1,197,144,988,38966,
Italia Centrale,2014,44923,55956,31,402,319,290,363,32,4076,66,324,304,295,68,3153,3684,11353,1244,109,29,322,241,1760,84421,0
Abruzzo,2014,3429,4794,1,1,11,18,18,0,364,5,27,19,17,28,223,246,453,58,13,0,8,13,110,6427,
Molise,2014,511,695,2,0,2,2,3,0,50,3,9,2,5,1,17,35,41,4,0,0,1,2,16,890,
Campania,2014,9182,11473,9,30,61,57,53,3,663,25,60,44,50,18,310,635,2185,610,52,1,154,33,203,16729,
Puglia,2014,9499,13701,18,10,59,67,53,1,719,23,47,39,45,48,563,639,1101,353,74,3,34,21,262,17880,
Basilicata,2014,936,1225,0,0,7,4,12,0,105,4,13,4,11,5,41,44,65,19,6,0,9,8,21,1603,
Calabria,2014,2659,3878,2,7,12,16,20,1,263,4,24,13,16,7,75,130,289,58,22,0,5,10,92,4944,
Sicilia,2014,11366,14266,20,26,96,77,42,5,868,11,45,42,35,19,424,1389,2693,533,56,4,88,56,226,21021,
Sardegna,2014,3492,5037,8,10,24,17,18,2,262,1,5,12,11,9,127,171,410,68,17,0,3,17,85,6314,
Italia Meridionale e Insulare,2014,41074,55069,60,84,272,258,219,12,3294,76,230,175,190,135,1780,3289,7237,1703,240,8,302,160,1015,75808,
Totale 2014,2014,177031,219416,156,1019,1041,1370,1139,158,17057,346,1594,1157,1203,472,18055,13341,36661,4964,451,48,1529,637,5584,327398,
Piemonte,2015,11134,15033,5,53,83,110,85,32,1103,17,63,82,112,28,1055,370,1494,213,12,2,8,29,432,20421,
Valle d'Aosta,2015,283,365,0,0,2,1,5,1,34,0,2,4,1,0,19,12,43,0,1,0,0,1,4,495,
Lombardia,2015,32774,39149,15,298,185,140,182,65,3552,71,292,230,237,56,4447,2461,7198,703,26,1,455,65,1093,60921,
Prov.Autonoma di Bolzano,2015,1644,1609,2,10,5,22,9,0,191,7,23,18,24,16,386,97,390,40,4,2,19,5,32,2911,
Prov.Autonoma di Trento,2015,1408,1674,3,2,6,6,14,0,157,3,11,9,29,7,189,61,343,39,2,0,6,7,43,2611,
Trentino Alto Adige,2015,3052,3283,5,12,11,28,23,0,348,10,34,27,53,23,575,158,733,79,6,2,25,12,75,5522,
Veneto,2015,13867,17206,2,22,40,53,78,10,1418,50,214,109,110,34,2468,1135,2201,262,8,4,105,42,356,25927,
Friuli Venezia Giulia,2015,3538,4301,1,6,10,31,16,1,304,7,42,22,28,11,436,169,758,94,2,0,18,4,88,6349,
Liguria,2015,8415,7002,4,44,36,336,86,0,703,6,56,71,60,0,446,654,3933,506,31,0,195,19,215,14403,
Emilia Romagna,2015,17385,21439,10,48,58,103,78,0,2105,46,257,121,168,42,3324,1209,2606,268,10,1,202,41,639,32775,
Italia Settentrionale,2015,90448,107778,42,483,425,802,553,109,9567,207,960,666,769,194,12770,6168,18966,2125,96,10,1008,213,2902,166813,
Toscana,2015,15863,18729,24,72,80,107,100,8,1428,21,131,87,94,23,1763,1947,3950,403,56,9,70,111,425,29638,
Umbria,2015,2285,3092,6,3,9,12,15,0,229,6,28,15,23,3,140,200,230,33,8,0,11,5,81,4149,
Marche,2015,5333,6923,1,9,9,16,27,0,551,15,40,27,28,12,471,495,861,100,6,0,35,17,148,9791,
Lazio,2015,20227,25683,6,303,183,120,195,29,1698,23,96,156,87,19,568,806,6222,707,19,2,185,103,920,38130,
Italia Centrale,2015,43708,54427,37,387,281,255,337,37,3906,65,295,285,232,57,2942,3448,11263,1243,89,11,301,236,1574,81708,
Abruzzo,2015,3217,4442,4,6,15,11,37,0,334,5,23,17,18,7,234,233,442,54,7,0,19,7,98,6013,
Molise,2015,461,632,0,0,3,3,3,0,53,0,7,2,5,4,11,23,41,4,2,0,0,0,13,806,
Campania,2015,9111,11530,8,34,64,49,57,0,631,15,69,51,54,18,298,593,2383,626,45,3,111,26,249,16914,
Puglia,2015,9524,13949,12,13,56,41,47,1,666,23,55,40,43,41,504,570,1226,290,57,0,26,15,229,17904,
Basilicata,2015,936,1216,0,0,6,4,12,0,99,2,10,7,5,5,24,28,82,24,6,0,11,7,15,1563,
Calabria,2015,2733,3927,2,2,20,10,15,0,240,4,24,16,16,8,89,123,315,59,14,0,4,14,70,4972,
Sicilia,2015,10864,13489,10,35,84,75,46,3,781,19,41,30,44,12,442,1124,2646,545,41,7,117,61,228,19880,
Sardegna,2015,3537,5080,2,2,13,14,13,1,250,2,11,20,16,10,123,179,483,64,14,0,6,11,94,6408,
Italia Meridionale e Insulare,2015,40383,54265,38,92,261,207,230,5,3054,70,240,183,201,105,1725,2873,7618,1666,186,10,294,141,996,74460,
Totale 2015,2015,174539,216470,117,962,967,1264,1120,151,16527,342,1495,1134,1202,356,17437,12489,37847,5034,371,31,1603,590,5472,322981,
Piemonte,2016,10905,14776,8,51,77,99,80,40,1155,32,103,89,85,40,1059,320,1385,167,3,1,62,28,0,19660,
Valle d'Aosta,2016,285,376,0,1,2,0,1,0,23,0,2,0,5,1,20,16,46,3,1,0,0,0,0,497,
Lombardia,2016,32785,39815,12,318,196,151,157,87,3393,59,254,202,262,60,4403,2037,6979,691,20,1,463,92,0,59652,
Prov.Autonoma di Bolzano,2016,1744,1898,2,5,6,27,23,0,199,4,28,17,19,17,365,93,380,28,0,1,5,5,0,3122,
Prov.Autonoma di Trento,2016,1361,1666,1,4,2,6,17,0,130,5,9,9,24,15,174,64,298,41,4,0,5,3,0,2477,
Trentino Alto Adige,2016,3105,3564,3,9,8,33,40,0,329,9,37,26,43,32,539,157,678,69,4,1,10,8,0,5599,
Veneto,2016,14034,17346,9,26,32,48,85,9,1480,37,205,95,146,48,2526,996,2318,294,3,1,107,31,0,25842,
Friuli Venezia Giulia,2016,3455,4156,6,9,10,32,18,2,291,4,28,22,43,9,477,162,708,83,6,0,25,4,0,6095,
Liguria,2016,8282,7157,6,30,38,371,53,0,725,6,65,65,71,3,346,621,3905,499,22,1,89,18,0,14091,
Emilia Romagna,2016,17406,21500,5,72,50,120,87,1,1913,56,239,150,137,45,3293,1140,2661,267,11,2,232,41,0,32022,
Italia Settentrionale,2016,90257,108690,49,516,413,854,521,139,9309,203,933,649,792,238,12663,5449,18680,2073,70,7,988,222,0,163458,
Toscana,2016,15863,19374,22,62,78,144,64,4,1506,29,103,87,132,27,1843,1901,3972,440,64,2,104,59,0,30017,
Umbria,2016,2285,3233,1,5,12,8,16,0,243,6,20,13,15,4,133,180,283,26,5,0,21,4,0,4228,
Marche,2016,5333,6833,1,6,20,17,29,0,527,10,55,39,33,8,463,437,774,92,5,2,34,14,0,9399,
Lazio,2016,20227,25540,13,293,160,112,215,29,1668,24,126,142,87,17,566,679,6332,703,11,1,180,135,0,37033,
Italia Centrale,2016,43708,54980,37,366,270,281,324,33,3944,69,304,281,267,56,3005,3197,11361,1261,85,5,339,212,0,80677,
Abruzzo,2016,3217,4315,0,6,10,20,12,0,308,7,40,27,21,11,174,163,384,56,6,1,12,3,0,5576,
Molise,2016,461,671,1,1,2,3,6,0,52,3,6,3,1,4,9,19,45,4,1,0,2,1,0,834,
Campania,2016,9111,12701,28,41,63,58,55,0,686,22,59,42,65,21,328,552,2397,631,55,1,134,35,0,17974,
Puglia,2016,9524,14472,11,13,48,63,51,0,690,19,55,43,50,45,517,582,1172,345,67,1,46,28,0,18318,
Basilicata,2016,936,1238,0,0,5,5,14,0,94,4,5,10,10,5,23,37,80,15,5,0,8,7,0,1565,
Calabria,2016,2733,4172,1,2,13,14,9,0,260,4,21,12,12,8,77,102,314,59,20,0,9,7,0,5116,
Sicilia,2016,10864,14033,7,19,71,53,45,8,786,17,47,51,43,29,496,1056,2758,594,56,2,74,65,0,20310,
Sardegna,2016,3537,4920,2,11,30,26,15,1,274,0,12,15,15,11,102,144,485,79,9,1,4,9,0,6165,
Italia Meridionale e Insulare,2016,40383,56522,50,93,242,242,207,9,3150,76,245,203,217,134,1726,2655,7635,1783,219,6,289,155,0,75858,
Totale 2016,2016,174348,220192,136,975,925,1377,1052,181,16403,348,1482,1133,1276,428,17394,11301,37676,5117,374,18,1616,589,0,319993,
Piemonte,2017,10823,14706,10,47,79,102,89,43,1167,20,92,81,111,45,1000,330,1444,197,10,2,69,32,0,19676,
Valle d'Aosta,2017,256,337,0,0,3,0,3,0,32,1,0,1,0,1,12,12,32,3,2,0,0,1,0,440,
Lombardia,2017,32552,39406,21,299,155,183,155,74,3344,57,283,244,326,51,4432,1890,7063,752,20,2,482,112,0,59351,
Prov.Autonoma di Bolzano,2017,1655,1709,6,4,7,25,8,0,199,3,19,14,40,12,343,76,398,34,0,0,11,4,0,2912,
Prov.Autonoma di Trento,2017,1356,1627,0,2,4,4,17,0,140,5,9,9,28,3,158,72,302,41,5,0,3,4,0,2433,
Trentino Alto Adige,2017,3011,3336,6,6,11,29,25,0,339,8,28,23,68,15,501,148,700,75,5,0,14,8,0,5345,
Veneto,2017,13844,17099,9,34,43,51,91,10,1468,40,174,111,150,45,2472,913,2340,290,4,1,92,31,0,25468,
Friuli Venezia Giulia,2017,3468,4223,0,6,8,29,15,1,265,2,35,15,51,19,417,131,797,75,4,0,23,8,0,6124,
Liguria,2017,8680,7401,5,42,41,403,75,1,764,2,70,89,78,1,389,634,4159,543,20,0,94,14,0,14825,
Emilia Romagna,2017,17362,21248,16,66,54,79,87,1,1984,66,265,126,184,40,3320,1077,2815,272,20,1,244,44,0,32009,
Italia Settentrionale,2017,89996,107756,67,500,394,876,540,130,9363,196,947,690,968,217,12543,5135,19350,2207,85,6,1018,250,0,163238,
Toscana,2017,16099,18614,14,58,64,144,61,1,1471,18,111,95,111,15,1818,1760,4272,468,46,2,89,72,0,29304,
Umbria,2017,2361,3144,3,3,12,12,18,0,245,7,29,14,23,9,145,189,311,21,9,0,13,8,0,4215,
Marche,2017,5484,7086,2,6,22,19,30,0,578,12,48,36,26,16,481,472,940,118,6,1,53,18,0,9970,
Lazio,2017,19590,24871,7,303,155,126,177,23,1635,13,105,126,102,20,666,596,6267,746,13,1,185,134,0,36271,
Italia Centrale,2017,43534,53715,26,370,253,301,286,24,3929,50,293,271,262,60,3110,3017,11790,1353,74,4,340,232,0,79760,
Abruzzo,2017,2946,3939,2,9,15,10,18,1,315,6,24,21,11,6,256,182,457,58,7,0,10,9,0,5356,
Molise,2017,510,665,0,2,1,4,2,0,39,0,12,1,1,7,14,34,65,7,1,0,2,3,0,860,
Campania,2017,9922,12577,4,33,52,46,45,2,705,12,57,56,72,24,314,542,2842,673,49,6,144,31,0,18286,
Puglia,2017,9786,14363,15,28,52,46,55,2,695,22,63,37,43,57,502,537,1247,376,59,1,51,14,0,18265,
Basilicata,2017,848,1094,0,1,5,4,11,0,70,2,8,4,3,4,29,31,88,15,3,0,7,3,0,1382,
Calabria,2017,2910,4235,1,4,21,14,21,0,259,2,18,19,14,8,92,105,350,68,22,0,11,14,0,5278,
Sicilia,2017,11056,13921,21,24,53,59,58,8,744,12,52,35,41,18,524,1064,2741,534,38,5,112,64,0,20128,
Sardegna,2017,3425,4692,3,7,17,21,11,1,248,0,13,17,15,12,137,178,591,80,5,0,11,17,0,6076,
Italia Meridionale e Insulare,2017,41403,55486,46,108,216,204,221,14,3075,56,247,190,200,136,1868,2673,8381,1811,184,12,348,155,0,75631,
Totale 2017,2017,174933,216957,139,978,863,1381,1047,168,16367,302,1487,1151,1430,413,17521,10825,39521,5371,343,22,1706,637,0,318629,
Piemonte,2018,10832,14806,3,65,78,72,77,42,1221,24,87,73,112,40,954,294,1351,181,7,0,61,21,0,19569,
Valle d'Aosta,2018,267,322,0,0,2,1,1,0,29,0,2,1,2,1,17,14,41,6,4,0,1,1,0,445,
Lombardia,2018,32553,39247,13,347,134,160,154,85,3490,48,288,226,357,41,4441,1807,7049,730,18,3,477,102,0,59217,
Prov.Autonoma di Bolzano,2018,1706,1736,1,2,2,22,14,0,234,6,13,17,30,18,405,88,384,39,2,0,8,5,0,3026,
Prov.Autonoma di Trento,2018,1393,1707,1,4,3,5,13,0,133,5,16,12,18,11,170,68,310,26,3,0,1,7,0,2513,
Trentino Alto Adige,2018,3099,3443,2,6,5,27,27,0,367,11,29,29,48,29,575,156,694,65,5,0,9,12,0,5539,
Veneto,2018,14106,17351,13,25,35,55,101,8,1534,43,183,86,222,49,2451,886,2380,304,11,0,109,30,0,25876,
Friuli Venezia Giulia,2018,3351,4082,1,14,16,36,17,0,287,4,20,26,61,7,397,105,763,60,4,0,12,5,0,5917,
Liguria,2018,8286,7015,7,45,43,397,94,1,809,7,63,65,93,3,343,548,3917,465,18,0,87,18,0,14038,
Emilia Romagna,2018,16597,20159,16,56,59,99,118,0,1961,46,197,118,215,42,3091,947,2581,263,9,1,252,37,0,30267,
Italia Settentrionale,2018,89091,106425,55,558,372,847,589,136,9698,183,869,624,1110,212,12269,4757,18776,2074,76,4,1008,226,0,160868,
Toscana,2018,15823,18398,8,71,54,135,55,3,1505,21,77,87,139,18,1656,1610,4089,461,47,1,113,52,0,28600,
Umbria,2018,2385,3224,1,2,8,13,7,0,251,0,18,18,39,4,137,171,250,31,5,0,21,11,0,4211,
Marche,2018,5216,6691,6,6,16,25,33,1,517,7,45,41,37,15,553,425,896,101,5,1,18,15,0,9454,
Lazio,2018,18613,23808,5,297,129,133,180,11,1613,19,77,115,100,16,512,505,5703,626,16,2,155,151,0,34173,
Italia Centrale,2018,42037,52121,20,376,207,306,275,15,3886,47,217,261,315,53,2858,2711,10938,1219,73,4,307,229,0,76438,
Abruzzo,2018,3145,4407,2,5,10,18,17,0,281,5,18,20,36,14,225,180,456,52,7,0,7,5,0,5765,
Molise,2018,478,669,0,1,0,2,2,0,37,1,5,5,4,4,12,25,50,5,1,0,1,1,0,825,
Campania,2018,9721,12493,7,41,54,52,48,1,631,15,60,39,85,12,285,503,2613,676,54,2,120,32,0,17823,
Puglia,2018,9693,14214,17,10,69,36,38,1,733,17,46,50,46,44,518,456,1174,377,39,2,75,18,0,17980,
Basilicata,2018,979,1284,0,2,4,1,5,0,96,4,15,6,4,8,19,33,91,21,3,0,9,5,0,1610,
Calabria,2018,2929,4402,0,4,16,12,15,0,268,2,10,15,25,8,61,94,336,61,11,0,17,11,0,5368,
Sicilia,2018,11019,13942,19,30,87,39,46,18,786,18,37,39,44,15,386,972,2722,600,42,3,177,76,0,20098,
Sardegna,2018,3461,4747,5,12,22,24,25,1,271,1,7,17,20,10,108,152,542,68,11,1,6,7,0,6057,
Italia Meridionale e Insulare,2018,41425,56158,50,105,262,184,196,21,3103,63,198,191,264,115,1614,2415,7984,1860,168,8,412,155,0,75526,
Totale 2018,2018,172553,214704,125,1039,841,1337,1060,172,16687,293,1284,1076,1689,380,16741,9883,37698,5153,317,16,1727,610,0,312832,
